original,title,target_lessons,disposition,source_file_sha256
english/book/index.html#lesson-1,Context spelling and numbers,ENG-17,foundational overlap rewritten; not a complete replacement of the old task; full exam-format/media coverage remains incomplete,a36101bcf12c494134c7c2e4bc5cf8e6bc8193df3c4ab659ee2c996b29514a1d
english/book/index.html#lesson-2,Speakers functions and final decisions,ENG-17,foundational overlap rewritten; not a complete replacement of the old task,a36101bcf12c494134c7c2e4bc5cf8e6bc8193df3c4ab659ee2c996b29514a1d
english/book/index.html#lesson-3,Paraphrase and distractors,"ENG-08,ENG-09,ENG-17",foundational overlap rewritten; not a complete replacement of the old task; full exam-format/media coverage remains incomplete,a36101bcf12c494134c7c2e4bc5cf8e6bc8193df3c4ab659ee2c996b29514a1d
english/book/index.html#lesson-4,Maps processes and lectures,"ENG-12,ENG-16",foundational overlap rewritten; not a complete replacement of the old task; full exam-format/media coverage remains incomplete,a36101bcf12c494134c7c2e4bc5cf8e6bc8193df3c4ab659ee2c996b29514a1d
english/book/index.html#lesson-5,Skimming and passage structure,ENG-07,foundational overlap rewritten; not a complete replacement of the old task,a36101bcf12c494134c7c2e4bc5cf8e6bc8193df3c4ab659ee2c996b29514a1d
english/book/index.html#lesson-6,Detail and completion,"ENG-07,ENG-08",foundational overlap rewritten; not a complete replacement of the old task; full exam-format/media coverage remains incomplete,a36101bcf12c494134c7c2e4bc5cf8e6bc8193df3c4ab659ee2c996b29514a1d
english/book/index.html#lesson-7,True False Not Given and Yes No Not Given,ENG-08,foundational overlap rewritten; not a complete replacement of the old task; full exam-format/media coverage remains incomplete,a36101bcf12c494134c7c2e4bc5cf8e6bc8193df3c4ab659ee2c996b29514a1d
english/book/index.html#lesson-8,Matching information and features,ENG-07,foundational overlap rewritten; not a complete replacement of the old task; full exam-format/media coverage remains incomplete,a36101bcf12c494134c7c2e4bc5cf8e6bc8193df3c4ab659ee2c996b29514a1d
english/book/index.html#lesson-9,Multiple choice writer purpose and opinion,"ENG-07,ENG-08",foundational overlap rewritten; not a complete replacement of the old task; full exam-format/media coverage remains incomplete,a36101bcf12c494134c7c2e4bc5cf8e6bc8193df3c4ab659ee2c996b29514a1d
english/book/index.html#lesson-10,Select an overview before detail,ENG-11,foundational overlap rewritten; not a complete replacement of the old task,a36101bcf12c494134c7c2e4bc5cf8e6bc8193df3c4ab659ee2c996b29514a1d
english/book/index.html#lesson-11,Compare figures accurately,ENG-11,foundational overlap rewritten; not a complete replacement of the old task,a36101bcf12c494134c7c2e4bc5cf8e6bc8193df3c4ab659ee2c996b29514a1d
english/book/index.html#lesson-12,Processes and maps,ENG-12,foundational overlap rewritten; not a complete replacement of the old task; full exam-format/media coverage remains incomplete,a36101bcf12c494134c7c2e4bc5cf8e6bc8193df3c4ab659ee2c996b29514a1d
english/book/index.html#lesson-13,Original Task 1 data practice,ENG-11,foundational overlap rewritten; not a complete replacement of the old task,a36101bcf12c494134c7c2e4bc5cf8e6bc8193df3c4ab659ee2c996b29514a1d
english/book/index.html#lesson-14,Decode the prompt and decide a position,"ENG-06,ENG-13",foundational overlap rewritten; not a complete replacement of the old task,a36101bcf12c494134c7c2e4bc5cf8e6bc8193df3c4ab659ee2c996b29514a1d
english/book/index.html#lesson-15,Build a paragraph with evidence,"ENG-05,ENG-14",foundational overlap rewritten; not a complete replacement of the old task,a36101bcf12c494134c7c2e4bc5cf8e6bc8193df3c4ab659ee2c996b29514a1d
english/book/index.html#lesson-16,Cohesion vocabulary and correction,"ENG-04,ENG-05,ENG-15",foundational overlap rewritten; not a complete replacement of the old task,a36101bcf12c494134c7c2e4bc5cf8e6bc8193df3c4ab659ee2c996b29514a1d
english/book/index.html#lesson-17,Original Task 2 practice,ENG-13,foundational overlap rewritten; not a complete replacement of the old task,a36101bcf12c494134c7c2e4bc5cf8e6bc8193df3c4ab659ee2c996b29514a1d
english/book/index.html#lesson-18,Part 1 familiar questions,ENG-18,foundational overlap rewritten; not a complete replacement of the old task; full exam-format/media coverage remains incomplete,a36101bcf12c494134c7c2e4bc5cf8e6bc8193df3c4ab659ee2c996b29514a1d
english/book/index.html#lesson-19,Part 2 one minute plan and long turn,ENG-18,foundational overlap rewritten; not a complete replacement of the old task; full exam-format/media coverage remains incomplete,a36101bcf12c494134c7c2e4bc5cf8e6bc8193df3c4ab659ee2c996b29514a1d
english/book/index.html#lesson-20,Part 3 abstract discussion,"ENG-18,ENG-19",foundational overlap rewritten; not a complete replacement of the old task; full exam-format/media coverage remains incomplete,a36101bcf12c494134c7c2e4bc5cf8e6bc8193df3c4ab659ee2c996b29514a1d
english/book/index.html#lesson-21,Repair pronunciation and self-monitoring,ENG-20,foundational overlap rewritten; not a complete replacement of the old task; full exam-format/media coverage remains incomplete,a36101bcf12c494134c7c2e4bc5cf8e6bc8193df3c4ab659ee2c996b29514a1d
english/book/index.html#lesson-22,Listening mini drill,"ENG-16,ENG-17",foundational overlap rewritten; not a complete replacement of the old task; full exam-format/media coverage remains incomplete,a36101bcf12c494134c7c2e4bc5cf8e6bc8193df3c4ab659ee2c996b29514a1d
english/book/index.html#lesson-23,Reading mini drill,"ENG-07,ENG-08",foundational overlap rewritten; not a complete replacement of the old task,a36101bcf12c494134c7c2e4bc5cf8e6bc8193df3c4ab659ee2c996b29514a1d
english/pearson/index.html#lesson-1,Decode an assignment before drafting,ENG-06,foundational overlap rewritten; not a complete replacement of the old task,84a58eda12569bf90a862b96a08091465327da72df8f527ad58fb0d30f20d88c
english/pearson/index.html#lesson-2,Turn a lecture into a usable record,ENG-16,foundational overlap rewritten; not a complete replacement of the old task,84a58eda12569bf90a862b96a08091465327da72df8f527ad58fb0d30f20d88c
english/pearson/index.html#lesson-3,Build technical vocabulary from relationships,ENG-04,foundational overlap rewritten; not a complete replacement of the old task,84a58eda12569bf90a862b96a08091465327da72df8f527ad58fb0d30f20d88c
english/pearson/index.html#lesson-4,Explain a result with claim evidence and condition,ENG-14,foundational overlap rewritten; not a complete replacement of the old task,84a58eda12569bf90a862b96a08091465327da72df8f527ad58fb0d30f20d88c
english/pearson/index.html#lesson-5,Read a textbook section for the decision it supports,ENG-07,foundational overlap rewritten; not a complete replacement of the old task,84a58eda12569bf90a862b96a08091465327da72df8f527ad58fb0d30f20d88c
english/pearson/index.html#lesson-6,Describe numbers without claiming more than they show,ENG-11,foundational overlap rewritten; not a complete replacement of the old task,84a58eda12569bf90a862b96a08091465327da72df8f527ad58fb0d30f20d88c
english/pearson/index.html#lesson-7,Write a lab report that can be repeated,ENG-12,foundational overlap rewritten; not a complete replacement of the old task,84a58eda12569bf90a862b96a08091465327da72df8f527ad58fb0d30f20d88c
english/pearson/index.html#lesson-8,Ask for clarification in a technical class,ENG-10,foundational overlap rewritten; not a complete replacement of the old task,84a58eda12569bf90a862b96a08091465327da72df8f527ad58fb0d30f20d88c
english/pearson/index.html#lesson-9,Explain a process from a diagram,ENG-12,foundational overlap rewritten; not a complete replacement of the old task,84a58eda12569bf90a862b96a08091465327da72df8f527ad58fb0d30f20d88c
english/pearson/index.html#lesson-10,Read a technical paper without mistaking claims for proof,"ENG-08,ENG-14",foundational overlap rewritten; not a complete replacement of the old task,84a58eda12569bf90a862b96a08091465327da72df8f527ad58fb0d30f20d88c
english/pearson/index.html#lesson-11,Compare design options against a common basis,ENG-06,foundational overlap rewritten; not a complete replacement of the old task,84a58eda12569bf90a862b96a08091465327da72df8f527ad58fb0d30f20d88c
english/pearson/index.html#lesson-12,Communicate uncertainty and limitations,"ENG-04,ENG-14",foundational overlap rewritten; not a complete replacement of the old task,84a58eda12569bf90a862b96a08091465327da72df8f527ad58fb0d30f20d88c
english/pearson/index.html#lesson-13,Write safety language that names the action,,retain in historical source; advanced topic or old task gate outside this foundation package,84a58eda12569bf90a862b96a08091465327da72df8f527ad58fb0d30f20d88c
english/pearson/index.html#lesson-14,Synthesize sources around a question,"ENG-09,ENG-14",foundational overlap rewritten; not a complete replacement of the old task,84a58eda12569bf90a862b96a08091465327da72df8f527ad58fb0d30f20d88c
english/pearson/index.html#lesson-15,Frame a capstone proposal around a testable decision,,retain in historical source; advanced topic or old task gate outside this foundation package,84a58eda12569bf90a862b96a08091465327da72df8f527ad58fb0d30f20d88c
english/pearson/index.html#lesson-16,Write an abstract that mirrors the actual work,,retain in historical source; advanced topic or old task gate outside this foundation package,84a58eda12569bf90a862b96a08091465327da72df8f527ad58fb0d30f20d88c
english/pearson/index.html#lesson-17,Present one technical message to two audiences,ENG-19,foundational overlap rewritten; not a complete replacement of the old task,84a58eda12569bf90a862b96a08091465327da72df8f527ad58fb0d30f20d88c
english/pearson/index.html#lesson-18,Answer a hard question without bluffing,ENG-19,foundational overlap rewritten; not a complete replacement of the old task,84a58eda12569bf90a862b96a08091465327da72df8f527ad58fb0d30f20d88c
english/pearson/index.html#lesson-19,Write a handover that survives a shift change,,retain in historical source; advanced topic or old task gate outside this foundation package,84a58eda12569bf90a862b96a08091465327da72df8f527ad58fb0d30f20d88c
english/pearson/index.html#lesson-20,Write an incident account without confusing fact and cause,,retain in historical source; advanced topic or old task gate outside this foundation package,84a58eda12569bf90a862b96a08091465327da72df8f527ad58fb0d30f20d88c
english/pearson/index.html#lesson-21,Write a decision memo for a manager,,retain in historical source; advanced topic or old task gate outside this foundation package,84a58eda12569bf90a862b96a08091465327da72df8f527ad58fb0d30f20d88c
english/pearson/index.html#lesson-22,Run a meeting that ends with accountable work,,retain in historical source; advanced topic or old task gate outside this foundation package,84a58eda12569bf90a862b96a08091465327da72df8f527ad58fb0d30f20d88c
english/pearson/index.html#lesson-23,Prepare for research and career conversations,,retain in historical source; advanced topic or old task gate outside this foundation package,84a58eda12569bf90a862b96a08091465327da72df8f527ad58fb0d30f20d88c
english/pearson/index.html#lesson-24,Transition from IELTS to university study,,old assessment/stage gate: omit from the reading-only student flow; preserve source,84a58eda12569bf90a862b96a08091465327da72df8f527ad58fb0d30f20d88c
english/pearson/index.html#lesson-25,First year scientific coursework,,old assessment/stage gate: omit from the reading-only student flow; preserve source,84a58eda12569bf90a862b96a08091465327da72df8f527ad58fb0d30f20d88c
english/pearson/index.html#lesson-26,Core chemical engineering study,,old assessment/stage gate: omit from the reading-only student flow; preserve source,84a58eda12569bf90a862b96a08091465327da72df8f527ad58fb0d30f20d88c
english/pearson/index.html#lesson-27,Capstone and research,,old assessment/stage gate: omit from the reading-only student flow; preserve source,84a58eda12569bf90a862b96a08091465327da72df8f527ad58fb0d30f20d88c
english/pearson/index.html#lesson-28,Graduation and professional practice,,old assessment/stage gate: omit from the reading-only student flow; preserve source,84a58eda12569bf90a862b96a08091465327da72df8f527ad58fb0d30f20d88c
english/educator/index.html#lesson-1,Give every sentence a complete claim,ENG-01,foundational overlap rewritten; not a complete replacement of the old task,aad323d6e80ea31ab1a71990674e4c7d9232939e1bca361db27291ed0e7c46ec
english/educator/index.html#lesson-2,Match verbs to their real subjects,ENG-03,foundational overlap rewritten; not a complete replacement of the old task,aad323d6e80ea31ab1a71990674e4c7d9232939e1bca361db27291ed0e7c46ec
english/educator/index.html#lesson-3,Make pronouns point to one clear noun,ENG-03,foundational overlap rewritten; not a complete replacement of the old task,aad323d6e80ea31ab1a71990674e4c7d9232939e1bca361db27291ed0e7c46ec
english/educator/index.html#lesson-4,Use articles to distinguish a sample from the sample,ENG-03,foundational overlap rewritten; not a complete replacement of the old task,aad323d6e80ea31ab1a71990674e4c7d9232939e1bca361db27291ed0e7c46ec
english/educator/index.html#lesson-5,"Use tense to place methods, findings, and established knowledge",ENG-02,foundational overlap rewritten; not a complete replacement of the old task,aad323d6e80ea31ab1a71990674e4c7d9232939e1bca361db27291ed0e7c46ec
english/educator/index.html#lesson-6,Make conditions and uncertainty visible,ENG-04,foundational overlap rewritten; not a complete replacement of the old task,aad323d6e80ea31ab1a71990674e4c7d9232939e1bca361db27291ed0e7c46ec
english/educator/index.html#lesson-7,Place modifiers beside what they describe,ENG-15,foundational overlap rewritten; not a complete replacement of the old task,aad323d6e80ea31ab1a71990674e4c7d9232939e1bca361db27291ed0e7c46ec
english/educator/index.html#lesson-8,Use parallel structure for comparable actions,,retain in historical source; advanced topic or old task gate outside this foundation package,aad323d6e80ea31ab1a71990674e4c7d9232939e1bca361db27291ed0e7c46ec
english/educator/index.html#lesson-9,Choose active or passive voice deliberately,ENG-02,foundational overlap rewritten; not a complete replacement of the old task,aad323d6e80ea31ab1a71990674e4c7d9232939e1bca361db27291ed0e7c46ec
english/educator/index.html#lesson-10,Read for purpose before collecting details,ENG-07,foundational overlap rewritten; not a complete replacement of the old task,aad323d6e80ea31ab1a71990674e4c7d9232939e1bca361db27291ed0e7c46ec
english/educator/index.html#lesson-11,Summarise a source without copying its wording,ENG-09,foundational overlap rewritten; not a complete replacement of the old task,aad323d6e80ea31ab1a71990674e4c7d9232939e1bca361db27291ed0e7c46ec
english/educator/index.html#lesson-12,Move from broad topic to arguable thesis,ENG-13,foundational overlap rewritten; not a complete replacement of the old task,aad323d6e80ea31ab1a71990674e4c7d9232939e1bca361db27291ed0e7c46ec
english/educator/index.html#lesson-13,Build paragraphs from major and minor support,ENG-05,foundational overlap rewritten; not a complete replacement of the old task,aad323d6e80ea31ab1a71990674e4c7d9232939e1bca361db27291ed0e7c46ec
english/educator/index.html#lesson-14,Choose classification or comparison for the reader’s question,"ENG-06,ENG-07",foundational overlap rewritten; not a complete replacement of the old task,aad323d6e80ea31ab1a71990674e4c7d9232939e1bca361db27291ed0e7c46ec
english/educator/index.html#lesson-15,Describe a process in an order that can be followed,ENG-12,foundational overlap rewritten; not a complete replacement of the old task,aad323d6e80ea31ab1a71990674e4c7d9232939e1bca361db27291ed0e7c46ec
english/educator/index.html#lesson-16,Separate sequence from cause and effect,"ENG-05,ENG-08",foundational overlap rewritten; not a complete replacement of the old task,aad323d6e80ea31ab1a71990674e4c7d9232939e1bca361db27291ed0e7c46ec
english/educator/index.html#lesson-17,Revise ideas before proofreading surfaces,ENG-15,foundational overlap rewritten; not a complete replacement of the old task,aad323d6e80ea31ab1a71990674e4c7d9232939e1bca361db27291ed0e7c46ec
english/educator/index.html#lesson-18,Select sources for the claim you must support,ENG-14,foundational overlap rewritten; not a complete replacement of the old task,aad323d6e80ea31ab1a71990674e4c7d9232939e1bca361db27291ed0e7c46ec
english/educator/index.html#lesson-19,Attribute ideas even when you paraphrase,ENG-09,foundational overlap rewritten; not a complete replacement of the old task,aad323d6e80ea31ab1a71990674e4c7d9232939e1bca361db27291ed0e7c46ec
english/educator/index.html#lesson-20,Connect claim evidence and warrant,ENG-14,foundational overlap rewritten; not a complete replacement of the old task,aad323d6e80ea31ab1a71990674e4c7d9232939e1bca361db27291ed0e7c46ec
english/educator/index.html#lesson-21,Detect weak reasoning before writing a recommendation,ENG-14,foundational overlap rewritten; not a complete replacement of the old task,aad323d6e80ea31ab1a71990674e4c7d9232939e1bca361db27291ed0e7c46ec
english/educator/index.html#lesson-22,Analyse how a text tries to persuade its audience,,retain in historical source; advanced topic or old task gate outside this foundation package,aad323d6e80ea31ab1a71990674e4c7d9232939e1bca361db27291ed0e7c46ec
english/educator/index.html#lesson-23,Synthesize several sources into one answer,"ENG-09,ENG-14",foundational overlap rewritten; not a complete replacement of the old task,aad323d6e80ea31ab1a71990674e4c7d9232939e1bca361db27291ed0e7c46ec
english/educator/index.html#lesson-24,Build an argument that can survive a challenge,"ENG-13,ENG-14",foundational overlap rewritten; not a complete replacement of the old task,aad323d6e80ea31ab1a71990674e4c7d9232939e1bca361db27291ed0e7c46ec
english/educator/index.html#lesson-25,Read an application prompt as a request for evidence,,retain in historical source; advanced topic or old task gate outside this foundation package,aad323d6e80ea31ab1a71990674e4c7d9232939e1bca361db27291ed0e7c46ec
english/educator/index.html#lesson-26,Show one contribution through a specific episode,,retain in historical source; advanced topic or old task gate outside this foundation package,aad323d6e80ea31ab1a71990674e4c7d9232939e1bca361db27291ed0e7c46ec
english/educator/index.html#lesson-27,Revise and submit a statement that answers the prompt,,retain in historical source; advanced topic or old task gate outside this foundation package,aad323d6e80ea31ab1a71990674e4c7d9232939e1bca361db27291ed0e7c46ec
english/educator/index.html#lesson-28,Grammar gate,,old assessment/stage gate: omit from the reading-only student flow; preserve source,aad323d6e80ea31ab1a71990674e4c7d9232939e1bca361db27291ed0e7c46ec
english/educator/index.html#lesson-29,Composition gate,,old assessment/stage gate: omit from the reading-only student flow; preserve source,aad323d6e80ea31ab1a71990674e4c7d9232939e1bca361db27291ed0e7c46ec
english/educator/index.html#lesson-30,Research gate,,old assessment/stage gate: omit from the reading-only student flow; preserve source,aad323d6e80ea31ab1a71990674e4c7d9232939e1bca361db27291ed0e7c46ec
english/educator/index.html#lesson-31,Application gate,,old assessment/stage gate: omit from the reading-only student flow; preserve source,aad323d6e80ea31ab1a71990674e4c7d9232939e1bca361db27291ed0e7c46ec
