file,id,part,station,verses,title,sections,sha256_12
H07-00-INTRO/H07-COVER-01.png,H07-COVER,1/1,,,,,20b05b0b92d9
H07-00-INTRO/H07-DESC-01.png,H07-DESC,1/1,,,,وصف الحزب,cd9adceea2aa
H07-00-INTRO/H07-MAP-01.png,H07-MAP,1/2,,,,خريطة المحطات,8345074fbf86
H07-00-INTRO/H07-MAP-02.png,H07-MAP,2/2,,,,خريطة المحطات,b42d66b38e9e
H07-ST01/H07-ST01-OPEN-01.png,H07-ST01-OPEN,1/1,١,٩٢–١٠١,افتتاحية المحطة,افتتاحية المحطة + سؤال المحطة,d683e8131c24
H07-ST01/H07-C001-01.png,H07-C001,1/2,١,٩٢,البرّ يُنال بما تحبّ,القرآن + تفسير السعدي,90bb4b467937
H07-ST01/H07-C001-02.png,H07-C001,2/2,١,٩٢,البرّ يُنال بما تحبّ,تدبر الفؤاد,28551704349e
H07-ST01/H07-C002-01.png,H07-C002,1/3,١,٩٣–٩٥,الحجّة من الكتاب نفسه,القرآن + تفسير السعدي,3f25941e98a9
H07-ST01/H07-C002-02.png,H07-C002,2/3,١,٩٣–٩٥,الحجّة من الكتاب نفسه,تفسير السعدي,b03e9ba0ccba
H07-ST01/H07-C002-03.png,H07-C002,3/3,١,٩٣–٩٥,الحجّة من الكتاب نفسه,تدبر الفؤاد,3dcdf2c68576
H07-ST01/H07-C003-01.png,H07-C003,1/9,١,٩٦–٩٧,بيتٌ يهدي، وفريضةٌ بقدر الاستطاعة,القرآن + تفسير السعدي,862825d99771
H07-ST01/H07-C003-02.png,H07-C003,2/9,١,٩٦–٩٧,بيتٌ يهدي، وفريضةٌ بقدر الاستطاعة,تفسير السعدي,63f8f2084b15
H07-ST01/H07-C003-03.png,H07-C003,3/9,١,٩٦–٩٧,بيتٌ يهدي، وفريضةٌ بقدر الاستطاعة,تفسير السعدي,0416e63f9262
H07-ST01/H07-C003-04.png,H07-C003,4/9,١,٩٦–٩٧,بيتٌ يهدي، وفريضةٌ بقدر الاستطاعة,تفسير السعدي,21b461f04b57
H07-ST01/H07-C003-05.png,H07-C003,5/9,١,٩٦–٩٧,بيتٌ يهدي، وفريضةٌ بقدر الاستطاعة,تفسير السعدي,f6950711271e
H07-ST01/H07-C003-06.png,H07-C003,6/9,١,٩٦–٩٧,بيتٌ يهدي، وفريضةٌ بقدر الاستطاعة,تفسير السعدي,b37fbcd2bf1b
H07-ST01/H07-C003-07.png,H07-C003,7/9,١,٩٦–٩٧,بيتٌ يهدي، وفريضةٌ بقدر الاستطاعة,تفسير السعدي,f3c9e7f35b01
H07-ST01/H07-C003-08.png,H07-C003,8/9,١,٩٦–٩٧,بيتٌ يهدي، وفريضةٌ بقدر الاستطاعة,تفسير السعدي,522c0d125db2
H07-ST01/H07-C003-09.png,H07-C003,9/9,١,٩٦–٩٧,بيتٌ يهدي، وفريضةٌ بقدر الاستطاعة,تدبر الفؤاد,e66196e97375
H07-ST01/H07-C004-01.png,H07-C004,1/3,١,٩٨–١٠٠,لمن أُسلِم زمام التوجيه؟,القرآن + تفسير السعدي,745686a132bc
H07-ST01/H07-C004-02.png,H07-C004,2/3,١,٩٨–١٠٠,لمن أُسلِم زمام التوجيه؟,تفسير السعدي + تدبر الفؤاد,5d0cc11eac4d
H07-ST01/H07-C004-03.png,H07-C004,3/3,١,٩٨–١٠٠,لمن أُسلِم زمام التوجيه؟,تدبر الفؤاد,fe8bb45390c6
H07-ST01/H07-C005-01.png,H07-C005,1/2,١,١٠١,الاعتصام طريقٌ إلى الصراط,القرآن + تفسير السعدي,15c953a7be47
H07-ST01/H07-C005-02.png,H07-C005,2/2,١,١٠١,الاعتصام طريقٌ إلى الصراط,تدبر الفؤاد,6fbbb8d5eac7
H07-ST02/H07-ST02-OPEN-01.png,H07-ST02-OPEN,1/1,٢,١٠٢–١٠٩,افتتاحية المحطة,افتتاحية المحطة + سؤال المحطة,623d259474b9
H07-ST02/H07-C006-01.png,H07-C006,1/3,٢,١٠٢–١٠٣,تقوى إلى الخاتمة، وحبلٌ يجمع,القرآن + تفسير السعدي,92a621a4babf
H07-ST02/H07-C006-02.png,H07-C006,2/3,٢,١٠٢–١٠٣,تقوى إلى الخاتمة، وحبلٌ يجمع,تفسير السعدي,36d5e9e17a31
H07-ST02/H07-C006-03.png,H07-C006,3/3,٢,١٠٢–١٠٣,تقوى إلى الخاتمة، وحبلٌ يجمع,تفسير السعدي + تدبر الفؤاد,ecc47b107204
H07-ST02/H07-C007-01.png,H07-C007,1/3,٢,١٠٤–١٠٥,أمّةٌ تدعو، وحذرٌ من التفرّق بعد البيّنة,القرآن + تفسير السعدي,2f802eac12d2
H07-ST02/H07-C007-02.png,H07-C007,2/3,٢,١٠٤–١٠٥,أمّةٌ تدعو، وحذرٌ من التفرّق بعد البيّنة,تفسير السعدي + تدبر الفؤاد,2faeb384b377
H07-ST02/H07-C007-03.png,H07-C007,3/3,٢,١٠٤–١٠٥,أمّةٌ تدعو، وحذرٌ من التفرّق بعد البيّنة,تدبر الفؤاد,30d9b4720c32
H07-ST02/H07-C008-01.png,H07-C008,1/3,٢,١٠٦–١٠٨,يومٌ تظهر فيه الحقائق,القرآن + تفسير السعدي,7a7cec9fe52d
H07-ST02/H07-C008-02.png,H07-C008,2/3,٢,١٠٦–١٠٨,يومٌ تظهر فيه الحقائق,تفسير السعدي,6d75177a6e6e
H07-ST02/H07-C008-03.png,H07-C008,3/3,٢,١٠٦–١٠٨,يومٌ تظهر فيه الحقائق,تدبر الفؤاد,bc125ded75f5
H07-ST02/H07-C009-01.png,H07-C009,1/1,٢,١٠٩,إليه تُرجَع الأمور,القرآن + تفسير السعدي + تدبر الفؤاد,b823fe250edc
H07-ST03/H07-ST03-OPEN-01.png,H07-ST03-OPEN,1/1,٣,١١٠–١٢٠,افتتاحية المحطة,افتتاحية المحطة + سؤال المحطة,8537df6b8d3f
H07-ST03/H07-C010-01.png,H07-C010,1/3,٣,١١٠–١١٢,خيريّةٌ مقرونة بأوصاف,القرآن + تفسير السعدي,a98f5cdbc226
H07-ST03/H07-C010-02.png,H07-C010,2/3,٣,١١٠–١١٢,خيريّةٌ مقرونة بأوصاف,تفسير السعدي,89cbb1223a5c
H07-ST03/H07-C010-03.png,H07-C010,3/3,٣,١١٠–١١٢,خيريّةٌ مقرونة بأوصاف,تفسير السعدي + تدبر الفؤاد,dc8093495a19
H07-ST03/H07-C011-01.png,H07-C011,1/3,٣,١١٣–١١٥,ليسوا سواءً,القرآن + تفسير السعدي,eeb968c2f664
H07-ST03/H07-C011-02.png,H07-C011,2/3,٣,١١٣–١١٥,ليسوا سواءً,تفسير السعدي,c77e260b3891
H07-ST03/H07-C011-03.png,H07-C011,3/3,٣,١١٣–١١٥,ليسوا سواءً,تدبر الفؤاد,38963598c2b8
H07-ST03/H07-C012-01.png,H07-C012,1/2,٣,١١٦–١١٧,ريحٌ فيها صِرّ,القرآن + تفسير السعدي,30638185c67e
H07-ST03/H07-C012-02.png,H07-C012,2/2,٣,١١٦–١١٧,ريحٌ فيها صِرّ,تفسير السعدي + تدبر الفؤاد,6b485616c583
H07-ST03/H07-C013-01.png,H07-C013,1/3,٣,١١٨–١٢٠,لمن تفتح سرّك؟,القرآن,b5d73945608b
H07-ST03/H07-C013-02.png,H07-C013,2/3,٣,١١٨–١٢٠,لمن تفتح سرّك؟,تفسير السعدي,540ed4098128
H07-ST03/H07-C013-03.png,H07-C013,3/3,٣,١١٨–١٢٠,لمن تفتح سرّك؟,تفسير السعدي + تدبر الفؤاد,0884314f7161
H07-ST04/H07-ST04-OPEN-01.png,H07-ST04-OPEN,1/1,٤,١٢١–١٢٩,افتتاحية المحطة,افتتاحية المحطة + سؤال المحطة,7ad85b1163e5
H07-ST04/H07-C014-01.png,H07-C014,1/4,٤,١٢١,تذكّر النعمة عند المكروه,القرآن + تفسير السعدي,f0291a5c7444
H07-ST04/H07-C014-02.png,H07-C014,2/4,٤,١٢١,تذكّر النعمة عند المكروه,تفسير السعدي,bbf7e652a197
H07-ST04/H07-C014-03.png,H07-C014,3/4,٤,١٢١,تذكّر النعمة عند المكروه,تفسير السعدي + تدبر الفؤاد,93567cc42835
H07-ST04/H07-C014-04.png,H07-C014,4/4,٤,١٢١,تذكّر النعمة عند المكروه,تدبر الفؤاد,c31cd3362ea4
H07-ST04/H07-C015-01.png,H07-C015,1/2,٤,١٢٢,همٌّ لم يتمّ، وولايةٌ حفظت,القرآن + تفسير السعدي,48183bf7a12c
H07-ST04/H07-C015-02.png,H07-C015,2/2,٤,١٢٢,همٌّ لم يتمّ، وولايةٌ حفظت,تدبر الفؤاد,e5dee8f5e53c
H07-ST04/H07-C016-01.png,H07-C016,1/4,٤,١٢٣–١٢٦,الإمداد بشرى، والنصر من عند الله,القرآن + تفسير السعدي,461de6268a8a
H07-ST04/H07-C016-02.png,H07-C016,2/4,٤,١٢٣–١٢٦,الإمداد بشرى، والنصر من عند الله,تفسير السعدي,8ae46a8210de
H07-ST04/H07-C016-03.png,H07-C016,3/4,٤,١٢٣–١٢٦,الإمداد بشرى، والنصر من عند الله,تفسير السعدي + تدبر الفؤاد,0c63c7d1a6c9
H07-ST04/H07-C016-04.png,H07-C016,4/4,٤,١٢٣–١٢٦,الإمداد بشرى، والنصر من عند الله,تدبر الفؤاد,94f907009c8d
H07-ST04/H07-C017-01.png,H07-C017,1/2,٤,١٢٧,صورٌ للنصر,القرآن + تفسير السعدي,db1d8418ae3c
H07-ST04/H07-C017-02.png,H07-C017,2/2,٤,١٢٧,صورٌ للنصر,تدبر الفؤاد,da8bed622f91
H07-ST04/H07-C018-01.png,H07-C018,1/3,٤,١٢٨–١٢٩,ليس لك من الأمر شيء,القرآن + تفسير السعدي,9f2ddb3c735f
H07-ST04/H07-C018-02.png,H07-C018,2/3,٤,١٢٨–١٢٩,ليس لك من الأمر شيء,تفسير السعدي,15b99341c047
H07-ST04/H07-C018-03.png,H07-C018,3/3,٤,١٢٨–١٢٩,ليس لك من الأمر شيء,تفسير السعدي + تدبر الفؤاد,55360acd5755
H07-ST05/H07-ST05-OPEN-01.png,H07-ST05-OPEN,1/1,٥,١٣٠–١٣٨,افتتاحية المحطة,افتتاحية المحطة + سؤال المحطة,cca7238bfb67
H07-ST05/H07-C019-01.png,H07-C019,1/4,٥,١٣٠–١٣٢,من خصال التقوى: ترك الظلم في المال,القرآن + تفسير السعدي,e8278e3e608c
H07-ST05/H07-C019-02.png,H07-C019,2/4,٥,١٣٠–١٣٢,من خصال التقوى: ترك الظلم في المال,تفسير السعدي,a6d4cb7914e5
H07-ST05/H07-C019-03.png,H07-C019,3/4,٥,١٣٠–١٣٢,من خصال التقوى: ترك الظلم في المال,تفسير السعدي + تدبر الفؤاد,a2668e9190ee
H07-ST05/H07-C019-04.png,H07-C019,4/4,٥,١٣٠–١٣٢,من خصال التقوى: ترك الظلم في المال,تدبر الفؤاد,7adbfe399951
H07-ST05/H07-C020-01.png,H07-C020,1/4,٥,١٣٣–١٣٦,سارِعوا… وهذه صفات المتقين,القرآن + تفسير السعدي,538571dfef97
H07-ST05/H07-C020-02.png,H07-C020,2/4,٥,١٣٣–١٣٦,سارِعوا… وهذه صفات المتقين,تفسير السعدي,7c1b2a75a456
H07-ST05/H07-C020-03.png,H07-C020,3/4,٥,١٣٣–١٣٦,سارِعوا… وهذه صفات المتقين,تفسير السعدي,18196dff8e52
H07-ST05/H07-C020-04.png,H07-C020,4/4,٥,١٣٣–١٣٦,سارِعوا… وهذه صفات المتقين,تفسير السعدي + تدبر الفؤاد,51b2d5a7a841
H07-ST05/H07-C021-01.png,H07-C021,1/3,٥,١٣٧–١٣٨,سُنَنٌ خلت من قبلكم,القرآن + تفسير السعدي,6332aed5fede
H07-ST05/H07-C021-02.png,H07-C021,2/3,٥,١٣٧–١٣٨,سُنَنٌ خلت من قبلكم,تفسير السعدي + تدبر الفؤاد,1c7a848ffc79
H07-ST05/H07-C021-03.png,H07-C021,3/3,٥,١٣٧–١٣٨,سُنَنٌ خلت من قبلكم,تدبر الفؤاد,10154ad13c5f
H07-ST06/H07-ST06-OPEN-01.png,H07-ST06-OPEN,1/1,٦,١٣٩–١٤٨,افتتاحية المحطة,افتتاحية المحطة + سؤال المحطة,ce114f74788c
H07-ST06/H07-C022-01.png,H07-C022,1/3,٦,١٣٩–١٤٠,لا تهنوا ولا تحزنوا,القرآن + تفسير السعدي,c96dc446d951
H07-ST06/H07-C022-02.png,H07-C022,2/3,٦,١٣٩–١٤٠,لا تهنوا ولا تحزنوا,تفسير السعدي,100d8b7d7adb
H07-ST06/H07-C022-03.png,H07-C022,3/3,٦,١٣٩–١٤٠,لا تهنوا ولا تحزنوا,تفسير السعدي + تدبر الفؤاد,73c4f1de2b8d
H07-ST06/H07-C023-01.png,H07-C023,1/3,٦,١٤١–١٤٣,التمحيص والطريق إلى الجنة,القرآن + تفسير السعدي,6a875d58efb3
H07-ST06/H07-C023-02.png,H07-C023,2/3,٦,١٤١–١٤٣,التمحيص والطريق إلى الجنة,تفسير السعدي,60b234b58073
H07-ST06/H07-C023-03.png,H07-C023,3/3,٦,١٤١–١٤٣,التمحيص والطريق إلى الجنة,تفسير السعدي + تدبر الفؤاد,6f112117fcee
H07-ST06/H07-C024-01.png,H07-C024,1/3,٦,١٤٤–١٤٥,ثباتٌ لا يتعلّق بشخص,القرآن + تفسير السعدي,e114e957f567
H07-ST06/H07-C024-02.png,H07-C024,2/3,٦,١٤٤–١٤٥,ثباتٌ لا يتعلّق بشخص,تفسير السعدي,baf01130eb91
H07-ST06/H07-C024-03.png,H07-C024,3/3,٦,١٤٤–١٤٥,ثباتٌ لا يتعلّق بشخص,تفسير السعدي + تدبر الفؤاد,1af18facd441
H07-ST06/H07-C025-01.png,H07-C025,1/3,٦,١٤٦–١٤٨,ربّيّون لم يهنوا,القرآن + تفسير السعدي,1c517c1553c1
H07-ST06/H07-C025-02.png,H07-C025,2/3,٦,١٤٦–١٤٨,ربّيّون لم يهنوا,تفسير السعدي,9afe0804a427
H07-ST06/H07-C025-03.png,H07-C025,3/3,٦,١٤٦–١٤٨,ربّيّون لم يهنوا,تدبر الفؤاد,112f7eeeece6
H07-ST07/H07-ST07-OPEN-01.png,H07-ST07-OPEN,1/1,٧,١٤٩–١٥٨,افتتاحية المحطة,افتتاحية المحطة + سؤال المحطة,32227ec169fc
H07-ST07/H07-C026-01.png,H07-C026,1/3,٧,١٤٩–١٥١,بل الله مولاكم,القرآن + تفسير السعدي,58f45e25772e
H07-ST07/H07-C026-02.png,H07-C026,2/3,٧,١٤٩–١٥١,بل الله مولاكم,تفسير السعدي,560cce5e2a17
H07-ST07/H07-C026-03.png,H07-C026,3/3,٧,١٤٩–١٥١,بل الله مولاكم,تدبر الفؤاد,2c4397a98fc8
H07-ST07/H07-C027-01.png,H07-C027,1/3,٧,١٥٢,صدق الوعد، وموضع الخلل,القرآن + تفسير السعدي,4521d3cfbce1
H07-ST07/H07-C027-02.png,H07-C027,2/3,٧,١٥٢,صدق الوعد، وموضع الخلل,تفسير السعدي + تدبر الفؤاد,31e09b1f7111
H07-ST07/H07-C027-03.png,H07-C027,3/3,٧,١٥٢,صدق الوعد، وموضع الخلل,تدبر الفؤاد,80dba7584af1
H07-ST07/H07-C028-01.png,H07-C028,1/3,٧,١٥٣,غمٌّ بغمّ… لكيلا تحزنوا,القرآن + تفسير السعدي,60b9db0a9503
H07-ST07/H07-C028-02.png,H07-C028,2/3,٧,١٥٣,غمٌّ بغمّ… لكيلا تحزنوا,تفسير السعدي + تدبر الفؤاد,78affd808349
H07-ST07/H07-C028-03.png,H07-C028,3/3,٧,١٥٣,غمٌّ بغمّ… لكيلا تحزنوا,تدبر الفؤاد,d0ed13dfce19
H07-ST07/H07-C029-01.png,H07-C029,1/3,٧,١٥٤,أمنةٌ نعاسًا، وظنٌّ بغير الحق,القرآن + تفسير السعدي,e224a50a4f8f
H07-ST07/H07-C029-02.png,H07-C029,2/3,٧,١٥٤,أمنةٌ نعاسًا، وظنٌّ بغير الحق,تفسير السعدي,c869c0bd6bf3
H07-ST07/H07-C029-03.png,H07-C029,3/3,٧,١٥٤,أمنةٌ نعاسًا، وظنٌّ بغير الحق,تفسير السعدي + تدبر الفؤاد,e1d08c3e2d15
H07-ST07/H07-C030-01.png,H07-C030,1/2,٧,١٥٥,مدخل الشيطان,القرآن + تفسير السعدي,8e6d40ee332d
H07-ST07/H07-C030-02.png,H07-C030,2/2,٧,١٥٥,مدخل الشيطان,تدبر الفؤاد,c0b68e460f09
H07-ST07/H07-C031-01.png,H07-C031,1/3,٧,١٥٦–١٥٧,حسرة «لو»,القرآن + تفسير السعدي,d8a362cd3583
H07-ST07/H07-C031-02.png,H07-C031,2/3,٧,١٥٦–١٥٧,حسرة «لو»,تفسير السعدي + تدبر الفؤاد,6b4a331d543c
H07-ST07/H07-C031-03.png,H07-C031,3/3,٧,١٥٦–١٥٧,حسرة «لو»,تدبر الفؤاد,1a6dbb737316
H07-ST07/H07-C032-01.png,H07-C032,1/1,٧,١٥٨,المرجع واحد,القرآن + تفسير السعدي + تدبر الفؤاد,93e4dccd0fdb
H07-ST08/H07-ST08-OPEN-01.png,H07-ST08-OPEN,1/1,٨,١٥٩–١٦٤,افتتاحية المحطة,افتتاحية المحطة + سؤال المحطة,ea968e04e151
H07-ST08/H07-C033-01.png,H07-C033,1/3,٨,١٥٩,لينٌ من رحمة الله,القرآن + تفسير السعدي,66173d5c17aa
H07-ST08/H07-C033-02.png,H07-C033,2/3,٨,١٥٩,لينٌ من رحمة الله,تفسير السعدي,cfaf7990b1ce
H07-ST08/H07-C033-03.png,H07-C033,3/3,٨,١٥٩,لينٌ من رحمة الله,تفسير السعدي + تدبر الفؤاد,73b1868093fe
H07-ST08/H07-C034-01.png,H07-C034,1/2,٨,١٦٠,النصر والخذلان بيد الله,القرآن + تفسير السعدي,a5d756e96709
H07-ST08/H07-C034-02.png,H07-C034,2/2,٨,١٦٠,النصر والخذلان بيد الله,تدبر الفؤاد,8a9506e598e1
H07-ST08/H07-C035-01.png,H07-C035,1/2,٨,١٦١,الأمانة تُحمَل إلى يوم القيامة,القرآن + تفسير السعدي,0f0ae0046621
H07-ST08/H07-C035-02.png,H07-C035,2/2,٨,١٦١,الأمانة تُحمَل إلى يوم القيامة,تفسير السعدي + تدبر الفؤاد,da9cf40f18b4
H07-ST08/H07-C036-01.png,H07-C036,1/2,٨,١٦٢–١٦٣,لا يستويان,القرآن + تفسير السعدي,d3c4ab320f6d
H07-ST08/H07-C036-02.png,H07-C036,2/2,٨,١٦٢–١٦٣,لا يستويان,تفسير السعدي + تدبر الفؤاد,b8eae86abbe0
H07-ST08/H07-C037-01.png,H07-C037,1/2,٨,١٦٤,أعظم المنّة,القرآن + تفسير السعدي,6e31609ac2e7
H07-ST08/H07-C037-02.png,H07-C037,2/2,٨,١٦٤,أعظم المنّة,تفسير السعدي + تدبر الفؤاد,d6706f990301
H07-ST09/H07-ST09-OPEN-01.png,H07-ST09-OPEN,1/1,٩,١٦٥–١٧٠ (والآية ١٧١ للسياق التفسيري),افتتاحية المحطة,افتتاحية المحطة + سؤال المحطة,0acb0b6f4f32
H07-ST09/H07-C038-01.png,H07-C038,1/2,٩,١٦٥,قل هو من عند أنفسكم,القرآن + تفسير السعدي,0b8a59327281
H07-ST09/H07-C038-02.png,H07-C038,2/2,٩,١٦٥,قل هو من عند أنفسكم,تدبر الفؤاد,2756845079c2
H07-ST09/H07-C039-01.png,H07-C039,1/3,٩,١٦٦–١٦٨,ما أصابكم فبإذن الله… وليعلم,القرآن + تفسير السعدي,de14ca31d08d
H07-ST09/H07-C039-02.png,H07-C039,2/3,٩,١٦٦–١٦٨,ما أصابكم فبإذن الله… وليعلم,تفسير السعدي,93ef2ccc9598
H07-ST09/H07-C039-03.png,H07-C039,3/3,٩,١٦٦–١٦٨,ما أصابكم فبإذن الله… وليعلم,تفسير السعدي + تدبر الفؤاد,f98c67f34712
H07-ST09/H07-C040-01.png,H07-C040,1/3,٩,١٦٩–١٧٠,أحياءٌ عند ربهم,القرآن + آية ١٧١ للسياق + تفسير السعدي,efb5dfbb8bc4
H07-ST09/H07-C040-02.png,H07-C040,2/3,٩,١٦٩–١٧٠,أحياءٌ عند ربهم,تفسير السعدي,21e0aa5e22b3
H07-ST09/H07-C040-03.png,H07-C040,3/3,٩,١٦٩–١٧٠,أحياءٌ عند ربهم,تدبر الفؤاد,1e1168b7dfe5
H07-SUMMARY/H07-S01-01.png,H07-S01,1/1,,,,خلاصة,a47deb896423
H07-SUMMARY/H07-S02-01.png,H07-S02,1/1,,,,خلاصة,1270401f82a5
H07-SUMMARY/H07-S03-01.png,H07-S03,1/1,,,,خلاصة,e960436aee70
H07-SUMMARY/H07-S04-01.png,H07-S04,1/1,,,,خلاصة,cb12e1663625
H07-SUMMARY/H07-S05-01.png,H07-S05,1/1,,,,خلاصة,ca5212c9a097
